,Q1,Q2,Q3,Q4
0,15.249237972318797,0.0,0.0,0.0
15그래머,0.0,0.0,0.0,19.408121055678468
15그램,0.0,0.0,0.0,19.408121055678468
15그램뷰티,0.0,0.0,0.0,15.249237972318797
35mm,0.0,0.0,15.249237972318797,0.0
5살,0.0,34.657359027997266,0.0,0.0
99,0.0,16.635532333438686,0.0,0.0
Clarins,0.0,19.408121055678468,0.0,0.0
JMT,0.0,0.0,44.3614195558365,0.0
adorable,0.0,30.498475944637594,0.0,0.0
adventure,18.021826694558577,0.0,0.0,0.0
art,18.021826694558577,0.0,14.556090791758852,0.0
artwork,80.40507294495366,0.0,0.0,0.0
asian,22.18070977791825,0.0,0.0,0.0
baby,0.0,0.0,10.39720770839918,38.12309493079699
bakery,0.0,0.0,0.0,20.79441541679836
baking,41.58883083359672,0.0,0.0,0.0
bali,0.0,26.33959286127792,0.0,0.0
baliindonesia,0.0,15.249237972318797,0.0,0.0
beautifully,0.0,41.58883083359672,0.0,0.0
belle,0.0,0.0,16.635532333438686,0.0
bestmeow,0.0,0.0,34.657359027997266,0.0
bias,0.0,0.0,0.0,34.657359027997266
bichon,0.0,29.112181583517703,0.0,0.0
bichonfrise,0.0,15.249237972318797,0.0,11.090354888959125
black,0.0,0.0,0.0,15.249237972318797
bogorkuliner,0.0,0.0,19.408121055678468,0.0
bread,0.0,0.0,0.0,26.33959286127792
brideideas,0.0,15.249237972318797,0.0,0.0
britishshorthair,29.112181583517703,0.0,0.0,0.0
busan,0.0,0.0,15.249237972318797,0.0
cafe,0.0,0.0,0.0,0.0
cafestagram,0.0,31.884770305757485,0.0,0.0
cafetour,13.862943611198906,13.862943611198906,0.0,0.0
canon800d,0.0,0.0,44.3614195558365,0.0
cat,32.57791748631743,0.0,63.76954061151497,0.0
catdrawing,36.04365338911715,0.0,0.0,0.0
catlife,20.79441541679836,0.0,0.0,0.0
catlover,36.04365338911715,0.0,0.0,0.0
catloversclub,0.0,0.0,36.04365338911715,0.0
catofteday,0.0,0.0,34.657359027997266,0.0
catoftheday,20.79441541679836,0.0,0.0,0.0
catsnet,0.0,0.0,36.04365338911715,0.0
catsofinstagram,9.010913347279288,0.0,45.747713916956386,0.0
catsofworld,0.0,0.0,36.04365338911715,0.0
catstagram,24.95329850015803,0.0,27.725887222397812,0.0
catstargram,0.0,0.0,36.04365338911715,0.0
chat,13.16979643063896,0.0,27.725887222397812,0.0
chaton,0.0,0.0,55.451774444795625,0.0
clarins,0.0,33.27106466687737,0.0,0.0
clubofcats,0.0,0.0,36.04365338911715,0.0
coffee,0.0,0.0,0.0,0.0
coffeelover,0.0,15.249237972318797,0.0,0.0
coffeeshop,0.0,26.33959286127792,0.0,0.0
coffeetime,0.0,31.884770305757485,0.0,0.0
color,30.498475944637594,0.0,0.0,0.0
colorful,30.498475944637594,0.0,0.0,0.0
coloring,34.657359027997266,0.0,0.0,0.0
cookingathome,0.0,26.33959286127792,0.0,0.0
cookingvideo,0.0,26.33959286127792,0.0,0.0
cool,30.498475944637594,0.0,0.0,0.0
cucimukabogor,0.0,0.0,15.249237972318797,0.0
cute,14.556090791758852,0.0,0.0,26.33959286127792
cutecat,18.021826694558577,0.0,0.0,0.0
cutedog,0.0,0.0,0.0,52.67918572255584
daegu,0.0,0.0,22.18070977791825,0.0
daily,0.0,0.0,0.0,0.0
dailyfood,0.0,0.0,55.451774444795625,0.0
dailygram,0.0,0.0,0.0,29.112181583517703
dailylook,0.0,0.0,0.0,0.0
daliy,0.0,20.79441541679836,0.0,0.0
dancingsnail,34.657359027997266,0.0,0.0,0.0
deepmine,18.021826694558577,0.0,0.0,0.0
dessert,19.408121055678468,10.39720770839918,0.0,0.0
diet,0.0,0.0,24.95329850015803,0.0
dinnerideas,0.0,0.0,20.79441541679836,0.0
dm,0.0,15.249237972318797,0.0,0.0
dog,0.0,0.0,0.0,73.4736011393542
dogstagram,0.0,0.0,0.0,83.17766166719343
doodle,34.657359027997266,0.0,0.0,0.0
draw,19.408121055678468,0.0,0.0,0.0
drawing,30.498475944637594,0.0,0.0,0.0
drink,38.816242111356935,0.0,0.0,0.0
dthrone,0.0,0.0,45.747713916956386,0.0
e,0.0,11.090354888959125,0.0,14.556090791758852
earthhour,15.249237972318797,0.0,0.0,0.0
eider,0.0,24.95329850015803,0.0,0.0
eiderkids,0.0,27.725887222397812,0.0,0.0
eosr6,0.0,0.0,19.408121055678468,0.0
europe,38.816242111356935,0.0,0.0,0.0
f,0.0,10.39720770839918,0.0,9.704060527839234
f4f,0.0,0.0,0.0,0.0
f4follow,0.0,0.0,26.33959286127792,0.0
f4l,0.0,0.0,0.0,33.27106466687737
f52grams,0.0,0.0,20.79441541679836,0.0
facialterbaikbogor,0.0,0.0,15.249237972318797,0.0
fashion,6.616687666390959,10.931918753167672,3.4521848694213704,0.0
fashionstyle,0.0,16.635532333438686,0.0,0.0
feedfeed,0.0,0.0,38.816242111356935,0.0
ff,0.0,0.0,42.97512519471661,0.0
fff,0.0,0.0,0.0,0.0
ffff,0.0,0.0,30.498475944637594,0.0
filmcamera,0.0,0.0,26.33959286127792,0.0
filmphotography,0.0,0.0,49.90659700031606,0.0
fitgirl,18.021826694558577,0.0,0.0,0.0
fitness,14.556090791758852,7.6246189861593985,0.0,0.0
fitnessmodel,19.408121055678468,0.0,0.0,0.0
follow,0.0,0.0,0.0,0.0
follow4followback,7.1920518112945215,0.0,14.671785695040823,5.465959376583836
follow4like,0.0,0.0,24.95329850015803,0.0
followforfollowback,0.0,0.0,0.0,0.0
followforollowback,0.0,16.635532333438686,0.0,0.0
following,0.0,5.178277304132055,6.616687666390959,3.739866941873151
followme,0.0,0.0,0.0,0.0
follwme,24.95329850015803,0.0,0.0,0.0
food,8.630462173553425,0.0,12.370329115426577,4.027549014324932
foodgasm,0.0,0.0,49.90659700031606,0.0
foodie,0.0,0.0,55.451774444795625,0.0
foodies,0.0,26.33959286127792,0.0,0.0
foodlover,0.0,45.747713916956386,0.0,0.0
foodpics,0.0,0.0,49.90659700031606,0.0
foodporn,0.0,10.39720770839918,29.805328764077647,0.0
foodstagram,0.0,0.0,27.032740041837865,8.317766166719343
foodstyling,0.0,0.0,55.451774444795625,0.0
gato,18.021826694558577,0.0,0.0,0.0
gatto,7.6246189861593985,0.0,18.021826694558577,0.0
get,0.0,15.249237972318797,0.0,0.0
greentea,0.0,0.0,54.06548008367573,0.0
highlandfold,0.0,0.0,36.04365338911715,0.0
hillberg,0.0,15.249237972318797,0.0,0.0
hillebergthetentmaker,0.0,16.635532333438686,0.0,0.0
home,16.635532333438686,0.0,0.0,0.0
homebaking,20.79441541679836,22.18070977791825,0.0,0.0
homebarista,38.816242111356935,0.0,0.0,0.0
homecafe,45.054566736396445,29.805328764077647,0.0,0.0
homecook,0.0,0.0,56.83806880591551,0.0
homecooking,0.0,25.646445680717974,19.408121055678468,0.0
homemade,0.0,0.0,38.816242111356935,0.0
ig,29.112181583517703,0.0,0.0,0.0
igers,48.52030263919617,0.0,0.0,0.0
illustration,30.498475944637594,0.0,0.0,0.0
ilovecats,0.0,0.0,36.04365338911715,0.0
instacat,0.0,0.0,55.451774444795625,0.0
instadaily,0.0,0.0,0.0,0.0
instadog,0.0,30.498475944637594,0.0,0.0
instafashion,0.0,0.0,33.27106466687737,0.0
instafood,4.890595231680274,6.616687666390959,10.35655460826411,0.0
instagood,0.0,0.0,0.0,0.0
instagram,3.4521848694213704,0.0,16.97324227465507,12.945693260330138
instalike,0.0,11.78350206951907,14.556090791758852,0.0
instalove,38.816242111356935,0.0,0.0,0.0
instamood,0.0,0.0,58.224363167035406,0.0
instasize,0.0,0.0,0.0,52.67918572255584
interior,27.725887222397812,0.0,0.0,0.0
ipad,15.249237972318797,0.0,0.0,0.0
iphoneX,0.0,38.816242111356935,0.0,0.0
jeju,0.0,0.0,0.0,27.725887222397812
jejuisland,0.0,0.0,0.0,18.021826694558577
jejulife,0.0,0.0,0.0,20.79441541679836
jejutravel,0.0,0.0,0.0,19.408121055678468
joowon밥상,0.0,0.0,0.0,31.884770305757485
katze,14.556090791758852,0.0,27.725887222397812,0.0
kbeauty,27.725887222397812,0.0,0.0,0.0
kfashion,10.39720770839918,0.0,0.0,18.021826694558577
kfood,0.0,42.97512519471661,0.0,0.0
kids,0.0,0.0,0.0,47.13400827807628
kitten,0.0,0.0,55.451774444795625,0.0
kitty,24.260151319598084,0.0,27.725887222397812,0.0
korea,35.350506208557206,0.0,24.95329850015803,0.0
korean,3.739866941873151,0.0,7.767415956198083,7.767415956198083
koreanboy,0.0,0.0,15.249237972318797,18.714973875118524
koreanfood,0.0,18.714973875118524,12.476649250079015,0.0
koreanstyle,27.725887222397812,0.0,0.0,0.0
koreanulzzang,0.0,0.0,0.0,24.95329850015803
koreatravel,16.635532333438686,0.0,0.0,0.0
kpop,0.0,0.0,0.0,58.224363167035406
kstyle,0.0,0.0,0.0,34.657359027997266
kulinerbogor,0.0,0.0,19.408121055678468,0.0
l4l,0.0,0.0,0.0,0.0
lab,0.0,19.408121055678468,0.0,0.0
le,0.0,0.0,16.635532333438686,0.0
lebelleart,0.0,0.0,22.18070977791825,0.0
lebelleartbymarcedes,0.0,0.0,15.249237972318797,0.0
lfl,0.0,12.370329115426577,12.370329115426577,7.479733883746302
lifestyle,0.0,0.0,41.58883083359672,0.0
like,0.0,0.0,0.0,16.635532333438686
like4like,3.739866941873151,3.739866941873151,0.0,10.644236680715892
like4likes,0.0,0.0,0.0,0.0
likeback,0.0,0.0,63.76954061151497,0.0
likeforfollow,0.0,0.0,0.0,0.0
likeforlike,0.0,0.0,0.0,24.95329850015803
likeforlikeback,30.498475944637594,0.0,0.0,0.0
likeforlikes,0.0,0.0,0.0,0.0
liker,0.0,0.0,30.498475944637594,0.0
likesforlike,11.090354888959125,7.6246189861593985,0.0,0.0
liketime,23.56700413903814,0.0,0.0,0.0
live,0.0,20.79441541679836,0.0,0.0
livebeautifully,0.0,27.725887222397812,0.0,0.0
love,9.010913347279288,0.0,0.0,49.90659700031606
lovedog,0.0,19.408121055678468,0.0,0.0
lovedogs,0.0,20.79441541679836,0.0,0.0
lunchideas,0.0,0.0,22.18070977791825,0.0
luxury,0.0,18.021826694558577,0.0,0.0
luxuryhotel,0.0,23.56700413903814,0.0,0.0
luxurylifestyle,0.0,27.725887222397812,0.0,0.0
m,0.0,0.0,15.249237972318797,0.0
maigmati,54.06548008367573,0.0,0.0,0.0
maltese,0.0,0.0,0.0,23.56700413903814
matcha,0.0,0.0,47.13400827807628,0.0
me,0.0,0.0,0.0,47.13400827807628
melkin,0.0,0.0,0.0,27.725887222397812
mensfashion,0.0,0.0,18.021826694558577,0.0
mentengsalon,0.0,0.0,18.021826694558577,0.0
meow,22.873856958478193,0.0,45.747713916956386,0.0
minimal,15.942385152878742,9.010913347279288,0.0,0.0
model,55.451774444795625,0.0,0.0,0.0
moodygrams,0.0,26.33959286127792,0.0,0.0
muk,0.0,62.383246250395075,0.0,0.0
mukbang,0.0,0.0,52.67918572255584,0.0
n,0.0,0.0,0.0,0.0
nailart,0.0,0.0,16.635532333438686,0.0
nailartcikini,0.0,0.0,20.79441541679836,0.0
nailartjakartapusat,0.0,0.0,27.725887222397812,0.0
nct,0.0,0.0,0.0,34.657359027997266
neko,22.18070977791825,0.0,17.328679513998633,0.0
nekostagram,0.0,0.0,36.04365338911715,0.0
nineware,0.0,34.657359027997266,0.0,0.0
northworks,0.0,15.249237972318797,0.0,0.0
of,0.0,0.0,36.04365338911715,0.0
onthetable,128.92537558414983,0.0,0.0,0.0
ootd,0.0,0.0,0.0,0.0
ootdfashion,30.498475944637594,0.0,0.0,0.0
outfit,8.342780101101644,3.4521848694213704,10.35655460826411,0.0
painting,36.04365338911715,0.0,0.0,0.0
peace,0.0,0.0,0.0,47.13400827807628
perrito,0.0,23.56700413903814,0.0,0.0
persiancat,0.0,0.0,36.04365338911715,0.0
pet,0.0,0.0,27.725887222397812,20.101268236238415
peterior,29.112181583517703,0.0,0.0,0.0
petstagram,0.0,15.249237972318797,0.0,20.79441541679836
petstargram,0.0,0.0,18.021826694558577,10.39720770839918
photo,0.0,27.725887222397812,0.0,0.0
photographer,0.0,0.0,48.52030263919617,0.0
photography,0.0,0.0,27.725887222397812,0.0
pic,0.0,16.635532333438686,0.0,0.0
pilates,0.0,0.0,45.747713916956386,0.0
portrait,52.67918572255584,0.0,0.0,0.0
portraits,16.635532333438686,0.0,0.0,0.0
prunus,0.0,22.18070977791825,0.0,0.0
puppy,0.0,13.16979643063896,0.0,14.556090791758852
ragdoll,0.0,0.0,72.0873067782343,0.0
ready,0.0,15.249237972318797,0.0,0.0
recipe,0.0,0.0,38.816242111356935,0.0
recipevideo,0.0,0.0,16.635532333438686,0.0
reels,36.04365338911715,0.0,0.0,0.0
repost,0.0,37.42994775023705,0.0,0.0
rim안암,0.0,19.408121055678468,0.0,0.0
salonbogor,0.0,0.0,15.249237972318797,0.0
salonmenteng,0.0,0.0,15.249237972318797,0.0
scottishfold,0.0,0.0,55.451774444795625,0.0
selca,0.0,0.0,0.0,0.0
selfie,0.0,0.0,0.0,0.0
selife,0.0,0.0,0.0,20.79441541679836
selstagram,0.0,0.0,0.0,24.95329850015803
seoul,0.0,0.0,0.0,0.0
seoulbotanicpark,0.0,55.451774444795625,0.0,0.0
seoulcafe,30.498475944637594,0.0,0.0,0.0
sketch,34.657359027997266,0.0,0.0,0.0
snapshot,0.0,0.0,16.635532333438686,0.0
sofa,29.112181583517703,0.0,0.0,0.0
soulo,0.0,20.79441541679836,0.0,0.0
ssef,24.95329850015803,0.0,0.0,0.0
ssefproject,16.635532333438686,0.0,0.0,0.0
stayhome,15.249237972318797,0.0,0.0,0.0
style,27.725887222397812,0.0,0.0,0.0
summer,0.0,0.0,12.476649250079015,7.6246189861593985
sunset,13.16979643063896,7.6246189861593985,0.0,0.0
teafood,16.635532333438686,0.0,0.0,0.0
trailrunning,0.0,0.0,0.0,15.249237972318797
travel,0.0,34.657359027997266,0.0,0.0
travelblogger,0.0,29.112181583517703,0.0,0.0
traveler,0.0,16.635532333438686,0.0,0.0
travelgram,7.6246189861593985,18.714973875118524,0.0,0.0
travelholic,0.0,8.317766166719343,8.317766166719343,0.0
travelinside,0.0,23.56700413903814,0.0,0.0
travellingthroughtheworld,20.79441541679836,0.0,0.0,0.0
travelphotography,0.0,41.58883083359672,0.0,0.0
trazy,22.18070977791825,0.0,0.0,0.0
trip,0.0,26.33959286127792,0.0,0.0
ulzzang,7.6246189861593985,0.0,0.0,13.16979643063896
ulzzangstyle,0.0,0.0,0.0,37.42994775023705
useful,0.0,0.0,0.0,33.27106466687737
visitkorea,22.18070977791825,0.0,0.0,0.0
whitedog,0.0,29.112181583517703,0.0,0.0
world,19.408121055678468,0.0,0.0,0.0
worldtravel,0.0,23.56700413903814,0.0,0.0
worldtrip,0.0,23.56700413903814,0.0,0.0
xa0,0.0,53.37233290311579,93.57486937559261,0.0
yoga,0.0,18.021826694558577,0.0,0.0
youth,0.0,19.408121055678468,0.0,0.0
yummy,0.0,0.0,51.29289136143595,0.0
가가멜스,0.0,0.0,9.010913347279288,9.010913347279288
가로수길,0.0,0.0,22.18070977791825,0.0
가로수길맛집,11.78350206951907,0.0,14.556090791758852,0.0
가오픈,0.0,9.010913347279288,0.0,12.476649250079015
가오픈카페,0.0,0.0,0.0,0.0
가정보육,12.476649250079015,17.328679513998633,0.0,0.0
가족,0.0,0.0,0.0,55.451774444795625
가족나들이,0.0,0.0,37.42994775023705,0.0
가족스타그램,0.0,0.0,37.42994775023705,0.0
가족여행,0.0,0.0,16.635532333438686,0.0
간식,20.79441541679836,0.0,0.0,7.6246189861593985
간편요리,16.635532333438686,0.0,0.0,0.0
감성,0.0,0.0,0.0,0.0
감성사진,9.493508390908769,10.35655460826411,11.219600825619453,0.0
감성용품,0.0,0.0,16.635532333438686,0.0
감성카페,31.884770305757485,36.7368005696771,0.0,0.0
감성캠핑,5.753641449035617,4.027549014324932,13.808739477685481,0.0
감자마스크,0.0,0.0,0.0,18.021826694558577
강남,0.0,0.0,0.0,66.54212933375474
강남맛집,0.0,0.0,23.56700413903814,0.0
강릉,0.0,19.408121055678468,0.0,0.0
강아지,0.0,15.942385152878742,0.0,61.69009906983513
강아지남매,0.0,0.0,0.0,18.021826694558577
강아지동반,0.0,0.0,0.0,49.90659700031606
강아지동영상,0.0,24.95329850015803,0.0,0.0
강아지사료,0.0,22.18070977791825,0.0,0.0
강아지사료추천,0.0,23.56700413903814,0.0,0.0
강아지산책,0.0,0.0,0.0,51.29289136143595
강아지영상,0.0,18.021826694558577,0.0,0.0
강아지옷,0.0,0.0,0.0,59.61065752815529
강아지옷도매,0.0,0.0,0.0,18.021826694558577
강아지옷쇼핑몰,0.0,0.0,0.0,20.79441541679836
강아지원피스,0.0,0.0,0.0,31.884770305757485
강아지의류,0.0,0.0,0.0,16.635532333438686
강아지커플룩,0.0,0.0,0.0,23.56700413903814
강아지쿨매트,0.0,0.0,0.0,15.249237972318797
강원도,0.0,22.18070977791825,0.0,0.0
개냥이,26.33959286127792,0.0,0.0,0.0
개린이,0.0,0.0,0.0,49.90659700031606
개스타그램,0.0,0.0,0.0,51.29289136143595
개일리룩,0.0,0.0,0.0,38.816242111356935
객리단길,0.0,0.0,38.816242111356935,0.0
객리단길카페,0.0,0.0,19.408121055678468,0.0
갬성,0.0,15.942385152878742,24.95329850015803,0.0
갬성캠핑,0.0,0.0,34.657359027997266,0.0
거실인테리어,0.0,36.04365338911715,0.0,0.0
거제여행,18.021826694558577,0.0,0.0,0.0
거제카페,19.408121055678468,0.0,0.0,0.0
건강간식,0.0,15.249237972318797,0.0,0.0
건강식,34.657359027997266,0.0,0.0,0.0
건강식단,4.6029131592284935,5.753641449035617,5.753641449035617,0.0
건대,36.04365338911715,0.0,0.0,0.0
겨울코디,26.33959286127792,0.0,0.0,0.0
경산,18.021826694558577,0.0,0.0,0.0
경의선숲길카페,18.021826694558577,0.0,0.0,0.0
경주신상카페,22.18070977791825,0.0,0.0,0.0
경주카페,36.04365338911715,0.0,0.0,0.0
고등학생,0.0,0.0,40.20253647247683,0.0
고로애옳,36.04365338911715,0.0,0.0,0.0
고양이,13.5210574052337,0.0,11.507282898071233,4.890595231680274
고양이그림,20.79441541679836,0.0,0.0,0.0
고양이만화,15.249237972318797,0.0,0.0,0.0
고양이사료,0.0,16.635532333438686,0.0,0.0
고양이사료추천,0.0,16.635532333438686,0.0,0.0
고양이스타그램,20.79441541679836,0.0,0.0,0.0
고양이일러스트,18.021826694558577,0.0,0.0,0.0
고양이집사,15.249237972318797,0.0,0.0,0.0
공감툰,18.021826694558577,0.0,0.0,0.0
공동구매,0.0,22.18070977791825,0.0,0.0
공유,0.0,0.0,0.0,29.112181583517703
곽두리,0.0,0.0,0.0,49.90659700031606
관리하는여자,0.0,19.408121055678468,0.0,0.0
광고,0.0,0.0,0.0,0.0
광주,0.0,0.0,73.4736011393542,0.0
광주카페,37.42994775023705,0.0,0.0,0.0
교동카페,0.0,0.0,51.29289136143595,0.0
구두리현누리,0.0,0.0,0.0,49.90659700031606
구리,0.0,0.0,0.0,45.747713916956386
구미,0.0,54.06548008367573,0.0,0.0
구영리,0.0,0.0,37.42994775023705,0.0
구움과자,23.56700413903814,0.0,0.0,0.0
국내여행,12.476649250079015,0.0,19.408121055678468,0.0
국내여행지,0.0,0.0,16.635532333438686,0.0
국내여행지추천,0.0,0.0,18.021826694558577,0.0
국내여행추천,0.0,0.0,29.112181583517703,0.0
군산맛집,45.747713916956386,0.0,0.0,0.0
군산여행,18.021826694558577,0.0,0.0,0.0
굽스타그램,31.884770305757485,0.0,0.0,0.0
귀여운강아지,0.0,16.635532333438686,0.0,0.0
귀요미,0.0,0.0,45.747713916956386,0.0
그림,18.021826694558577,0.0,0.0,0.0
금요일,0.0,0.0,0.0,18.021826694558577
기차여행,0.0,0.0,0.0,56.83806880591551
기후위기,20.79441541679836,0.0,0.0,0.0
길고양이,15.249237972318797,0.0,0.0,0.0
길냥이,18.021826694558577,0.0,0.0,0.0
김망고,20.79441541679836,0.0,0.0,0.0
김포,0.0,0.0,15.249237972318797,0.0
꽃스타그램,0.0,16.635532333438686,0.0,0.0
꾸꾸,0.0,0.0,16.635532333438686,0.0
꿈을드리는여행,0.0,0.0,33.27106466687737,0.0
나인웨어,0.0,45.747713916956386,0.0,0.0
남매맘,0.0,0.0,0.0,16.635532333438686
남미,0.0,38.816242111356935,0.0,0.0
남자데일리룩,30.498475944637594,0.0,0.0,0.0
남자옷,31.884770305757485,0.0,0.0,0.0
남자코디,23.56700413903814,0.0,0.0,0.0
남친룩,15.249237972318797,0.0,0.0,0.0
남친짤,0.0,0.0,0.0,38.816242111356935
내돈내산,0.0,16.635532333438686,0.0,0.0
내방,24.95329850015803,0.0,0.0,0.0
냠냠,0.0,15.249237972318797,0.0,0.0
냥스타그램,32.57791748631743,0.0,28.419034402957756,0.0
냥이스타그램,20.79441541679836,0.0,0.0,0.0
노을,0.0,36.04365338911715,0.0,0.0
노을바다,0.0,16.635532333438686,0.0,0.0
노지캠핑,19.408121055678468,0.0,0.0,0.0
녹차덕후,0.0,0.0,55.451774444795625,0.0
놀이공유,19.408121055678468,0.0,0.0,0.0
놀이그램,23.56700413903814,0.0,0.0,0.0
놀이미술,40.20253647247683,0.0,0.0,0.0
놀이육아,41.58883083359672,0.0,0.0,0.0
놈코어,18.021826694558577,0.0,0.0,0.0
놈코어룩,22.18070977791825,13.16979643063896,0.0,0.0
누리,0.0,0.0,0.0,49.90659700031606
뉴트리그램,42.97512519471661,0.0,0.0,0.0
능소화,16.635532333438686,0.0,0.0,0.0
다이어터,0.0,0.0,20.101268236238415,22.873856958478193
다이어터그램,0.0,20.79441541679836,0.0,0.0
다이어터소통,0.0,20.79441541679836,0.0,0.0
다이어터식단,0.0,20.79441541679836,0.0,0.0
다이어트,0.0,0.0,0.0,0.0
다이어트간식,0.0,11.78350206951907,8.317766166719343,0.0
다이어트그램,0.0,0.0,27.725887222397812,0.0
다이어트기록,0.0,0.0,26.33959286127792,0.0
다이어트레시피,23.56700413903814,0.0,0.0,0.0
다이어트빵,0.0,47.13400827807628,0.0,0.0
다이어트소통,0.0,20.79441541679836,0.0,0.0
다이어트식단,0.0,0.0,0.0,0.0
다이어트요리,31.884770305757485,0.0,0.0,0.0
닥터힐메딕스,0.0,19.408121055678468,0.0,0.0
단발녀,0.0,29.112181583517703,0.0,0.0
단발머리,0.0,33.27106466687737,0.0,0.0
단발스타그램,0.0,38.816242111356935,0.0,0.0
단백질바,31.884770305757485,0.0,0.0,0.0
담양,49.90659700031606,0.0,0.0,0.0
당충전,26.33959286127792,0.0,0.0,0.0
대구,20.13774507162466,12.370329115426577,16.685560202203288,0.0
대구맛집,37.42994775023705,0.0,0.0,0.0
대구신상카페,23.56700413903814,0.0,11.090354888959125,0.0
대구카페,19.850062999172877,6.0413235214873975,9.781190463360549,0.0
대구카페추천,18.021826694558577,0.0,0.0,0.0
대구핫플,41.58883083359672,0.0,0.0,0.0
대리석테이블,0.0,22.18070977791825,0.0,0.0
대전,0.0,49.90659700031606,0.0,0.0
대학생,0.0,15.249237972318797,0.0,0.0
대한민국구석구석,33.27106466687737,0.0,0.0,0.0
대흥역카페,19.408121055678468,0.0,0.0,0.0
댓글,0.0,9.010913347279288,15.942385152878742,0.0
댓글이벤트,0.0,16.635532333438686,0.0,0.0
댕댕이,0.0,6.904369738842741,3.4521848694213704,20.42542714407644
댕댕이그램,0.0,0.0,0.0,51.29289136143595
데일리,0.0,0.0,0.0,0.0
데일리그램,0.0,0.0,0.0,108.13096016735146
데일리룩,0.0,0.0,0.0,0.0
데일리룩코디,18.714973875118524,16.635532333438686,0.0,0.0
데일리코디,27.725887222397812,0.0,8.317766166719343,0.0
데일리패션,24.95329850015803,0.0,0.0,0.0
도그플레이스,0.0,0.0,19.408121055678468,0.0
도산공원맛집,0.0,0.0,20.79441541679836,0.0
도치맘,0.0,0.0,33.96421184743732,10.39720770839918
도하,0.0,0.0,0.0,49.90659700031606
독스타그램,0.0,0.0,0.0,23.56700413903814
독후활동,37.42994775023705,0.0,0.0,0.0
동결건조사료,0.0,27.725887222397812,0.0,0.0
동대구역카페,0.0,0.0,30.498475944637594,0.0
동명동,44.3614195558365,0.0,0.0,0.0
동성로,28.419034402957756,0.0,7.6246189861593985,0.0
동행,0.0,15.249237972318797,0.0,0.0
돼지스타그램,0.0,0.0,31.884770305757485,0.0
두줄반사,0.0,0.0,0.0,24.95329850015803
드라이브,0.0,18.021826694558577,0.0,0.0
드로잉,15.249237972318797,0.0,0.0,0.0
들살이,0.0,0.0,27.725887222397812,0.0
등원룩,0.0,0.0,0.0,29.112181583517703
디얼퍼피,0.0,0.0,0.0,37.42994775023705
디엠,0.0,15.249237972318797,0.0,7.6246189861593985
디자인가구,0.0,45.747713916956386,0.0,0.0
디저트,57.53121598647546,15.942385152878742,0.0,0.0
디저트맛집,0.0,0.0,37.42994775023705,0.0
디저트카페,0.0,22.18070977791825,16.635532333438686,0.0
디트로네,0.0,0.0,48.52030263919617,0.0
디트로네m,0.0,0.0,15.249237972318797,0.0
딥마인마켓,59.61065752815529,0.0,0.0,0.0
딸,0.0,0.0,0.0,15.249237972318797
딸둥이,0.0,0.0,0.0,20.79441541679836
딸맘,0.0,0.0,17.328679513998633,10.39720770839918
딸바보,0.0,0.0,7.6246189861593985,28.419034402957756
딸바보아빠,0.0,0.0,0.0,59.61065752815529
딸스타그램,0.0,0.0,9.704060527839234,47.13400827807628
뚝섬카페,0.0,29.112181583517703,0.0,0.0
라페스타,0.0,0.0,26.33959286127792,0.0
랙돌,0.0,0.0,34.657359027997266,0.0
랜선여행,0.0,20.79441541679836,0.0,0.0
럭셔리호텔,0.0,16.635532333438686,0.0,0.0
럽스타그램,0.0,0.0,0.0,0.0
레시피,0.0,0.0,38.816242111356935,0.0
레이옷입기,0.0,0.0,0.0,15.249237972318797
렬이네,0.0,54.06548008367573,0.0,0.0
렬이네공구,0.0,19.408121055678468,0.0,0.0
렬이미술놀이,0.0,15.249237972318797,0.0,0.0
로미의,90.10913347279289,0.0,0.0,0.0
릴스,38.816242111356935,0.0,0.0,0.0
마블테이블,0.0,20.79441541679836,0.0,0.0
마포구카페,22.18070977791825,0.0,0.0,0.0
마하하타요가,0.0,15.249237972318797,0.0,0.0
만들기놀이,20.79441541679836,0.0,0.0,0.0
만들어,0.0,0.0,18.021826694558577,0.0
만복,0.0,0.0,0.0,22.18070977791825
만세,0.0,0.0,0.0,22.18070977791825
만화,36.04365338911715,0.0,0.0,0.0
말차덕후,0.0,0.0,55.451774444795625,0.0
말티즈,0.0,0.0,0.0,51.29289136143595
말티푸,9.704060527839234,0.0,0.0,12.476649250079015
맘스타그램,0.0,0.0,31.191623125197538,7.6246189861593985
맛스타,12.658011187878357,3.739866941873151,10.35655460826411,0.0
맛스타그램,0.0,0.0,0.0,0.0
맛집,5.753641449035617,0.0,29.055889317629866,13.233375332781918
맛집그램,0.0,0.0,0.0,44.3614195558365
맛집리뷰,0.0,0.0,33.27106466687737,0.0
맛집소개,38.816242111356935,0.0,0.0,0.0
맛집스타그램,0.0,0.0,0.0,47.13400827807628
맛집추천,9.781190463360549,0.0,27.0421148104674,8.918144246005205
맛집탐방,10.644236680715892,0.0,22.151519578787124,12.082647042974795
맞팔,0.0,0.0,0.0,0.0
맞팔선팔,0.0,0.0,77.63248422271387,0.0
맞팔선팔환영,0.0,0.0,63.76954061151497,0.0
맞팔좋아요,0.0,0.0,0.0,23.56700413903814
맞팔하면선팔,0.0,0.0,42.97512519471661,0.0
맞팔해요,0.0,0.0,67.92842369487464,0.0
맞팔환영,0.0,10.931918753167672,15.247149839944385,7.479733883746302
맥주안주,0.0,0.0,0.0,15.249237972318797
먹거리,0.0,0.0,0.0,48.52030263919617
먹그램,0.0,0.0,31.884770305757485,0.0
먹깨비,0.0,0.0,31.884770305757485,0.0
먹방,11.794964970523015,0.0,13.233375332781918,10.06887253581233
먹방스타그램,24.95329850015803,0.0,15.249237972318797,0.0
먹보,0.0,0.0,31.884770305757485,0.0
먹부림,0.0,0.0,52.67918572255584,0.0
먹부림그램,0.0,0.0,31.884770305757485,0.0
먹스타,0.0,0.0,0.0,0.0
먹스타그래머,49.90659700031606,0.0,0.0,0.0
먹스타그램,0.0,0.0,0.0,0.0
먹스타그램꿈나무,0.0,0.0,54.06548008367573,0.0
먹스타그램맞팔,0.0,0.0,60.99695188927519,0.0
먹스타그램촵촵,0.0,0.0,55.451774444795625,0.0
먹스타맞팔,11.794964970523015,17.26092434710685,30.78198175234055,0.0
먹스타소통,0.0,49.90659700031606,0.0,0.0
먹스타스램,0.0,0.0,20.79441541679836,0.0
먹자,0.0,0.0,31.884770305757485,0.0
먹죽귀,0.0,59.61065752815529,0.0,0.0
먹팔,0.0,45.747713916956386,0.0,0.0
먹팔해요,0.0,56.83806880591551,0.0,0.0
멍멍이,0.0,0.0,0.0,55.451774444795625
멍스타그램,0.0,11.090354888959125,0.0,72.78045395879425
멍줍육남매,0.0,0.0,0.0,49.90659700031606
메이그마티,47.13400827807628,0.0,0.0,0.0
메이크업,0.0,20.79441541679836,0.0,0.0
메이크업아티스트,18.021826694558577,0.0,0.0,0.0
멜킨,0.0,0.0,0.0,51.29289136143595
멜킨스포츠,0.0,0.0,0.0,48.52030263919617
멸종위기동물,15.249237972318797,0.0,0.0,0.0
모델,15.249237972318797,0.0,0.0,0.0
모토캠핑,29.112181583517703,0.0,0.0,0.0
몸매,54.06548008367573,0.0,0.0,0.0
몸매스타그램,51.29289136143595,0.0,0.0,0.0
몸스타그램,42.97512519471661,0.0,0.0,0.0
무거동,0.0,0.0,37.42994775023705,0.0
무채색,0.0,18.021826694558577,0.0,0.0
무채색코디,0.0,26.33959286127792,0.0,0.0
미노캠프,0.0,0.0,19.408121055678468,0.0
미니멀,42.281978014156664,30.498475944637594,0.0,0.0
미니멀룩,48.52030263919617,33.27106466687737,0.0,0.0
미니멀리즘,25.646445680717974,19.408121055678468,0.0,0.0
미니멀캠핑,0.0,0.0,31.884770305757485,0.0
미묘,0.0,0.0,56.83806880591551,0.0
미술놀이,37.42994775023705,0.0,0.0,0.0
미지우,0.0,0.0,0.0,40.20253647247683
바다,0.0,8.317766166719343,0.0,9.704060527839234
바닷가,0.0,16.635532333438686,0.0,0.0
바디프로필,4.890595231680274,3.739866941873151,0.0,3.739866941873151
반려견,5.178277304132055,8.342780101101644,0.0,32.795756259503015
반려동물,0.0,23.56700413903814,0.0,0.0
반려묘,0.0,0.0,55.451774444795625,0.0
반사,18.021826694558577,0.0,0.0,19.408121055678468
반팔티셔츠,0.0,31.884770305757485,0.0,0.0
발리,0.0,26.33959286127792,0.0,0.0
발리여행,0.0,26.33959286127792,0.0,0.0
밥먹자,0.0,0.0,31.884770305757485,0.0
배우,0.0,0.0,0.0,15.249237972318797
백패킹,37.42994775023705,0.0,0.0,0.0
뱅에꿍,41.58883083359672,0.0,0.0,0.0
버스여행,0.0,0.0,0.0,55.451774444795625
베베룸,0.0,0.0,38.816242111356935,0.0
베이킹,41.58883083359672,0.0,0.0,0.0
볼리비아,0.0,27.725887222397812,0.0,0.0
봄코디,16.635532333438686,0.0,0.0,0.0
부부스타그램,0.0,0.0,0.0,26.33959286127792
부산,0.0,0.0,0.0,0.0
부산스타그램,0.0,0.0,0.0,33.27106466687737
부산신상카페,36.04365338911715,0.0,0.0,0.0
부산여행,23.56700413903814,0.0,0.0,0.0
부산카페,12.945693260330138,10.644236680715892,8.342780101101644,0.0
부산카페추천,0.0,9.704060527839234,20.101268236238415,0.0
부산카페투어,0.0,0.0,40.20253647247683,0.0
분당,0.0,0.0,0.0,18.021826694558577
분위기,37.42994775023705,0.0,0.0,0.0
분위기맛집,19.408121055678468,0.0,0.0,0.0
분위기좋은카페,5.753641449035617,5.753641449035617,3.164502796969589,0.0
뷰티,26.33959286127792,9.704060527839234,0.0,0.0
뷰티스타그램,0.0,26.33959286127792,0.0,0.0
브런치,8.317766166719343,10.39720770839918,0.0,0.0
브런치맛집,0.0,0.0,16.635532333438686,0.0
브런치카페,8.317766166719343,0.0,15.249237972318797,0.0
브루잉카페,15.249237972318797,0.0,0.0,0.0
브리티쉬숏헤어,29.112181583517703,0.0,0.0,0.0
블랙,0.0,0.0,0.0,22.18070977791825
블랙야크,0.0,0.0,0.0,18.021826694558577
블로그마켓,49.90659700031606,0.0,0.0,0.0
비숑,0.0,15.942385152878742,0.0,27.032740041837865
비숑프리제,0.0,15.942385152878742,0.0,13.862943611198906
비오는날,0.0,18.021826694558577,0.0,0.0
빅숑,0.0,29.112181583517703,0.0,0.0
빛담,0.0,51.29289136143595,0.0,0.0
빵,0.0,7.6246189861593985,0.0,19.408121055678468
빵순이,0.0,15.942385152878742,11.090354888959125,0.0
빵스타그램,9.205826318456987,11.794964970523015,0.0,4.6029131592284935
빵지순례,0.0,20.79441541679836,0.0,0.0
빵집,0.0,0.0,0.0,19.408121055678468
빵택배,0.0,10.39720770839918,8.317766166719343,0.0
사랑해,0.0,0.0,0.0,66.54212933375474
사료추천,0.0,20.79441541679836,0.0,0.0
사지말고입양하세요,20.79441541679836,0.0,0.0,0.0
사진,0.0,0.0,10.39720770839918,23.56700413903814
사진맛집,0.0,51.29289136143595,0.0,0.0
사진보정,0.0,19.408121055678468,0.0,0.0
사진소통,5.465959376583836,3.4521848694213704,10.931918753167672,0.0
사진스타그램,0.0,0.0,36.04365338911715,0.0
사진에미치다,0.0,0.0,41.58883083359672,0.0
사진작가,0.0,0.0,49.90659700031606,0.0
산책,0.0,0.0,0.0,16.635532333438686
삼덕동카페,9.704060527839234,0.0,27.032740041837865,0.0
삼산동,0.0,0.0,37.42994775023705,0.0
새별오름,0.0,55.451774444795625,0.0,0.0
색감깡패,0.0,45.747713916956386,0.0,0.0
색감보정,0.0,34.657359027997266,0.0,0.0
생일,0.0,0.0,0.0,18.021826694558577
서강대카페,20.79441541679836,0.0,0.0,0.0
서귀포카페,29.112181583517703,0.0,0.0,0.0
서면,95.65431091727245,0.0,0.0,0.0
서면맛집,38.816242111356935,0.0,0.0,0.0
서면카페,22.18070977791825,0.0,0.0,0.0
서울,13.16979643063896,0.0,47.82715545863623,0.0
서울맛집,0.0,15.942385152878742,33.96421184743732,0.0
서울맛집베스트,0.0,0.0,36.04365338911715,0.0
서울맛집추천,0.0,0.0,33.27106466687737,0.0
서울맛집탐방,0.0,0.0,30.498475944637594,0.0
서울맛집투어,0.0,0.0,40.20253647247683,0.0
서울먹방,0.0,0.0,45.747713916956386,0.0
서울숲,0.0,15.249237972318797,0.0,0.0
서울숲카페,0.0,33.27106466687737,0.0,0.0
서울식물원,0.0,54.06548008367573,0.0,0.0
서울카페,8.342780101101644,15.534831912396166,3.4521848694213704,0.0
서장금,0.0,0.0,0.0,15.249237972318797
선물,0.0,8.317766166719343,20.79441541679836,0.0
선팔,0.0,0.0,0.0,0.0
선팔맞팔,0.0,0.0,0.0,0.0
선팔좋아요,0.0,0.0,0.0,26.33959286127792
선팔하면맞팔,0.0,0.0,0.0,0.0
선팔환영,0.0,22.873856958478193,0.0,47.13400827807628
성남,0.0,0.0,0.0,18.021826694558577
성수동,0.0,0.0,0.0,23.56700413903814
성수동카페,0.0,14.556090791758852,0.0,11.090354888959125
성수카페,0.0,9.704060527839234,0.0,11.090354888959125
세계여행,0.0,23.56700413903814,0.0,0.0
세계일주,0.0,24.95329850015803,0.0,0.0
세종시,0.0,45.747713916956386,0.0,0.0
셀그램,0.0,34.657359027997266,0.0,0.0
셀기꾼,9.205826318456987,0.0,7.479733883746302,16.97324227465507
셀스타,0.0,0.0,11.090354888959125,17.328679513998633
셀스타그램,0.0,0.0,0.0,0.0
셀카,0.0,0.0,0.0,0.0
셀카그램,0.0,0.0,0.0,55.451774444795625
셀프인테리어,20.101268236238415,0.0,18.714973875118524,0.0
셀피,0.0,0.0,0.0,0.0
소다,26.33959286127792,0.0,0.0,0.0
소통,0.0,0.0,0.0,0.0
소통해요,0.0,4.315231086776713,11.794964970523015,4.315231086776713
소통환영,36.04365338911715,0.0,0.0,0.0
소호,0.0,0.0,0.0,44.3614195558365
소호네,0.0,0.0,0.0,49.90659700031606
소호맘,0.0,0.0,0.0,36.04365338911715
솔단바,16.635532333438686,0.0,0.0,0.0
솔직단백,40.20253647247683,0.0,0.0,0.0
솔직단백바,36.04365338911715,0.0,0.0,0.0
솔직단백포텐,20.79441541679836,0.0,0.0,0.0
솔캠,0.0,0.0,19.408121055678468,0.0
송원근,0.0,0.0,31.884770305757485,0.0
숏컷스타그램,0.0,23.56700413903814,0.0,0.0
숏컷여자,0.0,18.021826694558577,0.0,0.0
숏컷펌,0.0,33.27106466687737,0.0,0.0
수국,0.0,0.0,19.408121055678468,0.0
수국길,0.0,0.0,18.021826694558577,0.0
수국꽃,0.0,0.0,18.021826694558577,0.0
순천,16.635532333438686,0.0,0.0,0.0
술스타그램,54.06548008367573,0.0,0.0,0.0
스냅사진,11.78350206951907,0.0,38.816242111356935,0.0
스냅촬영,11.78350206951907,0.0,11.78350206951907,0.0
스마트캣모래,0.0,15.249237972318797,0.0,0.0
스코티쉬폴드,0.0,0.0,55.451774444795625,0.0
스타일,0.0,0.0,0.0,55.451774444795625
스타일그램,0.0,0.0,0.0,52.67918572255584
스텔라앤츄이스,0.0,19.408121055678468,0.0,0.0
스튜디오,0.0,0.0,0.0,30.498475944637594
스트릿,11.090354888959125,9.704060527839234,0.0,0.0
스트릿룩,18.021826694558577,8.317766166719343,0.0,0.0
스트릿패션,8.918144246005205,4.027549014324932,3.164502796969589,0.0
시츄,0.0,0.0,0.0,16.635532333438686
시흥맛집,0.0,0.0,0.0,16.635532333438686
식단,0.0,0.0,0.0,20.79441541679836
식단관리,11.78350206951907,0.0,0.0,11.78350206951907
식단기록,7.1920518112945215,4.315231086776713,0.0,6.616687666390959
식단일기,7.767415956198083,4.315231086776713,0.0,6.0413235214873975
식사대용,0.0,15.249237972318797,0.0,0.0
신사,0.0,0.0,16.635532333438686,0.0
신사동맛집,0.0,0.0,22.18070977791825,0.0
신상카페,28.192843100274523,15.534831912396166,4.6029131592284935,0.0
신수동카페,18.021826694558577,0.0,0.0,0.0
신시가지,0.0,0.0,37.42994775023705,0.0
신시가지카페,0.0,0.0,26.33959286127792,0.0
신혼가구,0.0,33.27106466687737,0.0,0.0
신혼부부,0.0,0.0,0.0,15.249237972318797
신혼집인테리어,0.0,24.95329850015803,0.0,0.0
실내복,0.0,0.0,0.0,31.884770305757485
심플룩,0.0,0.0,20.79441541679836,0.0
쌍둥이,0.0,0.0,0.0,33.27106466687737
써스테이너블리유얼스모래,0.0,27.725887222397812,0.0,0.0
써유모래,0.0,41.58883083359672,0.0,0.0
아기,0.0,0.0,59.61065752815529,0.0
아기강아지,0.0,0.0,0.0,15.249237972318797
아기모델,0.0,0.0,36.04365338911715,0.0
아기실내복,0.0,0.0,0.0,16.635532333438686
아깽이,0.0,0.0,55.451774444795625,0.0
아동복,0.0,0.0,0.0,16.635532333438686
아들,0.0,0.0,31.191623125197538,22.18070977791825
아들맘,0.0,0.0,21.487562597358306,50.59974418087601
아들바보,0.0,0.0,15.942385152878742,24.260151319598084
아들스타그램,0.0,0.0,29.805328764077647,83.87080884775338
아르헨티나,0.0,18.021826694558577,0.0,0.0
아메카지룩,0.0,15.249237972318797,0.0,0.0
아무놀이챌린지,34.657359027997266,0.0,0.0,0.0
아빠그램,0.0,0.0,20.79441541679836,0.0
아빠와아들,0.0,0.0,54.06548008367573,0.0
아웃핏,11.219600825619453,9.781190463360549,5.753641449035617,0.0
아이간식추천,0.0,19.408121055678468,0.0,0.0
아이더,0.0,24.95329850015803,0.0,0.0
아이더키즈,0.0,27.725887222397812,0.0,0.0
아이더키즈플레이어2기,0.0,27.725887222397812,0.0,0.0
아이도시락,0.0,0.0,0.0,33.27106466687737
아이밥상,0.0,0.0,0.0,30.498475944637594
아이방꾸미기,0.0,0.0,38.816242111356935,0.0
아이폰,0.0,16.635532333438686,0.0,7.6246189861593985
아침식단,0.0,0.0,26.33959286127792,0.0
안녕,0.0,0.0,0.0,19.408121055678468
안암동맛집,0.0,15.249237972318797,0.0,0.0
안암맛집,0.0,20.79441541679836,0.0,0.0
안암역맛집,0.0,16.635532333438686,0.0,0.0
압구정,0.0,0.0,0.0,38.816242111356935
압구정로데오맛집,0.0,0.0,18.021826694558577,0.0
압구정맛집,0.0,0.0,26.33959286127792,0.0
앞산카페,0.0,0.0,40.20253647247683,0.0
애견의류,0.0,0.0,0.0,45.747713916956386
애견의류브랜드,0.0,0.0,0.0,51.29289136143595
애스타그램,0.0,0.0,0.0,15.249237972318797
애월가볼만한곳,0.0,55.451774444795625,0.0,0.0
애월맛집,20.79441541679836,0.0,0.0,0.0
애월여행,0.0,55.451774444795625,0.0,0.0
애월카페,14.556090791758852,28.419034402957756,0.0,0.0
야경사진,0.0,0.0,33.27106466687737,0.0
양산카페,0.0,26.33959286127792,0.0,0.0
얼스타,0.0,18.021826694558577,0.0,18.021826694558577
얼스타그램,0.0,0.0,0.0,0.0
엄마표,0.0,0.0,0.0,34.657359027997266
엄마표놀이,22.873856958478193,7.6246189861593985,0.0,0.0
엄마표만들기,24.95329850015803,0.0,0.0,0.0
엄마표미술,18.021826694558577,0.0,0.0,0.0
엄마표미술놀이,24.95329850015803,7.6246189861593985,0.0,0.0
엉뚱발랄,0.0,0.0,0.0,48.52030263919617
에르제,0.0,0.0,0.0,19.408121055678468
에르제성수,0.0,0.0,0.0,19.408121055678468
여름,0.0,3.739866941873151,3.739866941873151,4.315231086776713
여름실내복,0.0,0.0,0.0,15.249237972318797
여름코디,4.027549014324932,13.233375332781918,3.739866941873151,0.0
여름패션,0.0,29.112181583517703,0.0,0.0
여수,8.317766166719343,0.0,9.010913347279288,0.0
여자데일리룩,0.0,18.021826694558577,0.0,0.0
여자코디,0.0,41.58883083359672,0.0,0.0
여자코디추천,0.0,22.18070977791825,0.0,0.0
여친룩,0.0,18.021826694558577,0.0,0.0
여행,0.0,0.0,0.0,0.0
여행룩,0.0,20.79441541679836,0.0,0.0
여행블로거,0.0,34.657359027997266,0.0,0.0
여행사진,0.0,48.52030263919617,0.0,0.0
여행스타그램,0.0,0.0,0.0,0.0
여행에미치다,0.0,18.699334709365754,16.685560202203288,12.945693260330138
여행인플루언서,0.0,30.498475944637594,0.0,0.0
연남동맛집,23.56700413903814,0.0,0.0,0.0
연남동카페,0.0,60.99695188927519,0.0,0.0
영대카페,0.0,0.0,33.27106466687737,0.0
영도카페,0.0,15.249237972318797,0.0,0.0
영양간식,0.0,15.249237972318797,0.0,0.0
영화명장면,0.0,19.408121055678468,0.0,0.0
예쁜카페,31.884770305757485,0.0,0.0,0.0
옐로우디어,0.0,15.249237972318797,0.0,0.0
오늘,0.0,0.0,7.6246189861593985,13.16979643063896
오늘뭐먹지,0.0,18.021826694558577,9.704060527839234,0.0
오늘뭐입지,48.52030263919617,0.0,0.0,0.0
오늘은뭐먹지,0.0,0.0,31.884770305757485,0.0
오늘은뭐입지,0.0,26.33959286127792,0.0,0.0
오늘의놀이,17.328679513998633,15.942385152878742,0.0,0.0
오늘의집,41.58883083359672,0.0,0.0,0.0
오늘의코디,35.350506208557206,17.328679513998633,0.0,0.0
오늘의패션,0.0,33.27106466687737,0.0,0.0
오늘의훈남,0.0,0.0,21.487562597358306,26.33959286127792
오늘의훈녀,10.644236680715892,11.219600825619453,19.274698854269317,0.0
오뮤,0.0,0.0,0.0,15.249237972318797
오오티디,0.0,0.0,0.0,0.0
오일파스텔,18.021826694558577,0.0,0.0,0.0
오토캠핑,15.249237972318797,0.0,0.0,0.0
오프닝뮤즈,0.0,0.0,0.0,19.408121055678468
온더테이블,0.0,0.0,0.0,0.0
올디너리,0.0,20.79441541679836,0.0,0.0
올디너리디너세트,0.0,15.249237972318797,0.0,0.0
올디너리시리얼볼,0.0,15.249237972318797,0.0,0.0
옷스타그램,14.671785695040823,11.219600825619453,0.0,5.753641449035617
외식그램,20.79441541679836,0.0,0.0,0.0
요리,0.0,0.0,33.27106466687737,0.0
요리스타그램,0.0,48.52030263919617,0.0,0.0
요리영상,0.0,0.0,16.635532333438686,0.0
요리하는남자,0.0,27.725887222397812,0.0,0.0
요리하는여자,0.0,0.0,0.0,33.27106466687737
운동,3.739866941873151,7.1920518112945215,0.0,15.247149839944385
운동남녀,15.249237972318797,0.0,0.0,0.0
운동스타그램,0.0,0.0,0.0,79.01877858383376
운동식단,0.0,15.249237972318797,0.0,0.0
운동하는남자,20.71310921652822,8.055098028649864,0.0,30.49429967988877
운동하는여자,0.0,0.0,0.0,0.0
운동하는직장인,0.0,20.79441541679836,0.0,0.0
울대,0.0,0.0,37.42994775023705,0.0
울산,0.0,0.0,38.816242111356935,0.0
울산맘,0.0,0.0,38.816242111356935,0.0
울산신상카페,26.33959286127792,0.0,0.0,0.0
울산카페,33.27106466687737,0.0,0.0,0.0
워킹맘,0.0,0.0,0.0,16.635532333438686
원주,0.0,47.13400827807628,0.0,0.0
원주카페,0.0,16.635532333438686,0.0,0.0
원피스코디,0.0,18.021826694558577,0.0,0.0
월요일,0.0,0.0,0.0,16.635532333438686
웨스턴돔,0.0,0.0,26.33959286127792,0.0
유디니,44.3614195558365,0.0,0.0,0.0
유모차,0.0,0.0,20.79441541679836,0.0
유아놀이,34.657359027997266,0.0,0.0,0.0
유아미술,31.884770305757485,0.0,0.0,0.0
유아식,0.0,0.0,18.021826694558577,0.0
유아식기,0.0,30.498475944637594,0.0,0.0
유아전동차,0.0,0.0,36.04365338911715,0.0
유지어터,0.0,5.178277304132055,5.465959376583836,3.4521848694213704
유지어트,0.0,0.0,26.33959286127792,0.0
유투브요리,0.0,0.0,16.635532333438686,0.0
유튜버,0.0,0.0,15.249237972318797,0.0
육아,0.0,10.06887253581233,11.219600825619453,35.67257698402082
육아공유,0.0,0.0,0.0,18.021826694558577
육아그램,0.0,0.0,22.18070977791825,0.0
육아기록,0.0,0.0,0.0,19.408121055678468
육아는장비빨,0.0,0.0,11.090354888959125,21.487562597358306
육아는템빨,0.0,0.0,24.95329850015803,0.0
육아대디,0.0,0.0,54.06548008367573,0.0
육아데일리,0.0,0.0,54.06548008367573,0.0
육아데일리룩,0.0,0.0,20.79441541679836,0.0
육아맘,0.0,4.027549014324932,8.918144246005205,18.699334709365754
육아맘맞팔,0.0,0.0,52.67918572255584,0.0
육아맘소통,0.0,0.0,33.96421184743732,8.317766166719343
육아맞팔,0.0,0.0,15.942385152878742,28.419034402957756
육아맞팔해요,0.0,0.0,0.0,22.18070977791825
육아맞팔환영,0.0,0.0,0.0,19.408121055678468
육아부부,0.0,0.0,0.0,16.635532333438686
육아소통,0.0,10.931918753167672,19.850062999172877,51.49509096886877
육아소통그램,0.0,0.0,22.18070977791825,0.0
육아소통해요,0.0,0.0,0.0,30.498475944637594
육아소통환영,0.0,0.0,0.0,37.42994775023705
육아스타그램,0.0,0.0,33.27106466687737,97.04060527839233
육아스타스램,0.0,0.0,54.06548008367573,0.0
육아용품,0.0,0.0,54.06548008367573,0.0
육아용품추천,0.0,0.0,52.67918572255584,0.0
육아일기,0.0,0.0,18.714973875118524,42.97512519471661
육아일상,0.0,0.0,34.657359027997266,73.4736011393542
육아정보,0.0,0.0,58.224363167035406,0.0
육아좋아요,0.0,0.0,0.0,29.112181583517703
육아템,0.0,11.78350206951907,0.0,24.95329850015803
육아파파,0.0,0.0,27.032740041837865,9.010913347279288
육아패션,0.0,0.0,51.29289136143595,0.0
육아필수템,0.0,0.0,54.06548008367573,0.0
육퇴,0.0,0.0,0.0,31.884770305757485
음료,38.816242111356935,0.0,0.0,0.0
음식사진,54.06548008367573,0.0,0.0,0.0
이모티콘,15.249237972318797,0.0,0.0,0.0
이벤트,0.0,18.714973875118524,0.0,11.090354888959125
이벤트그램,0.0,26.33959286127792,0.0,0.0
이벤트스타그램,0.0,15.249237972318797,0.0,0.0
이벤트진행중,0.0,16.635532333438686,0.0,0.0
이벤트참여,0.0,19.408121055678468,0.0,0.0
이유식,0.0,0.0,20.79441541679836,0.0
인기게시물,36.04365338911715,0.0,0.0,0.0
인물사진,8.317766166719343,0.0,29.112181583517703,0.0
인스타,0.0,27.032740041837865,0.0,25.646445680717974
인스타그램,0.0,12.658011187878357,5.178277304132055,14.384103622589043
인스타독,0.0,0.0,0.0,19.408121055678468
인스타이벤트,0.0,26.33959286127792,0.0,0.0
인스타카페,0.0,0.0,15.249237972318797,0.0
인스타툰,15.249237972318797,0.0,0.0,0.0
인스타패션,0.0,0.0,26.33959286127792,0.0
인스타푸드,13.862943611198906,0.0,0.0,16.635532333438686
인친,46.6044957371885,13.5210574052337,0.0,40.85085428815288
인친환영,0.0,0.0,0.0,97.04060527839233
인테리어,6.904369738842741,5.465959376583836,0.0,3.739866941873151
인테리어가구,0.0,38.816242111356935,0.0,0.0
인테리어소품,0.0,0.0,37.42994775023705,0.0
일러스트,18.021826694558577,0.0,0.0,0.0
일반인모델,26.33959286127792,0.0,0.0,0.0
일산,0.0,0.0,0.0,16.635532333438686
일상,0.0,0.0,0.0,0.0
일상그램,0.0,0.0,0.0,15.249237972318797
일상기록,0.0,0.0,0.0,65.15583497263486
일상소통,0.0,9.704060527839234,0.0,14.556090791758852
일상스타그램,12.370329115426577,18.987016781817537,0.0,23.58992994104603
일상을여행으로,0.0,41.58883083359672,0.0,0.0
일상툰,18.021826694558577,0.0,0.0,0.0
자덕,0.0,0.0,16.635532333438686,0.0
자린이,0.0,0.0,16.635532333438686,0.0
자매,0.0,0.0,0.0,33.27106466687737
자스타그램,0.0,0.0,22.18070977791825,0.0
자전거타는남자,0.0,0.0,30.498475944637594,0.0
자체제작실내복,0.0,0.0,0.0,33.27106466687737
자체제작아동복,0.0,0.0,0.0,26.33959286127792
잠실,0.0,0.0,0.0,67.92842369487464
저녁메뉴,0.0,26.33959286127792,0.0,0.0
저녁식단,0.0,0.0,26.33959286127792,0.0
전국여행,0.0,0.0,0.0,55.451774444795625
전리단길,0.0,0.0,18.021826694558577,0.0
전리단길카페,0.0,0.0,26.33959286127792,0.0
전시,0.0,0.0,33.27106466687737,0.0
전시회,0.0,0.0,16.635532333438686,0.0
전신샷,48.52030263919617,14.556090791758852,0.0,0.0
전주,8.317766166719343,0.0,26.33959286127792,0.0
전주카페,0.0,0.0,37.42994775023705,0.0
전포동카페,8.317766166719343,0.0,13.862943611198906,0.0
전포동카페거리,0.0,0.0,24.95329850015803,0.0
전포사잇길,0.0,0.0,20.79441541679836,0.0
전포카페,16.635532333438686,0.0,0.0,0.0
전포카페거리,9.704060527839234,0.0,9.010913347279288,0.0
점심스타그램,0.0,0.0,34.657359027997266,0.0
점심식단,0.0,0.0,26.33959286127792,0.0
정슐랭,0.0,0.0,38.816242111356935,0.0
정슐랭별넷,0.0,0.0,29.112181583517703,0.0
정슐랭별셋,0.0,0.0,19.408121055678468,0.0
제과제빵,27.725887222397812,0.0,0.0,0.0
제이드미나,0.0,0.0,0.0,16.635532333438686
제주,0.0,0.0,0.0,0.0
제주가볼만한곳,0.0,108.13096016735146,0.0,0.0
제주감성,0.0,45.747713916956386,0.0,0.0
제주공항근처가볼만한곳,0.0,55.451774444795625,0.0,0.0
제주날씨,0.0,58.224363167035406,0.0,0.0
제주도,0.0,0.0,0.0,0.0
제주도가볼만한곳,19.408121055678468,0.0,0.0,0.0
제주도맛집,17.328679513998633,28.419034402957756,0.0,0.0
제주도민,18.021826694558577,0.0,0.0,0.0
제주도여행,0.0,0.0,0.0,0.0
제주도카페,4.890595231680274,4.6029131592284935,4.315231086776713,0.0
제주도핫플,0.0,47.13400827807628,0.0,0.0
제주맛집,0.0,56.83806880591551,0.0,0.0
제주바디프로필,0.0,18.021826694558577,0.0,0.0
제주사진찍기좋은곳,0.0,52.67918572255584,0.0,0.0
제주살이,6.329005593939178,3.164502796969589,0.0,5.753641449035617
제주수국,0.0,0.0,18.021826694558577,0.0
제주숨은명소,0.0,54.06548008367573,0.0,0.0
제주스냅,0.0,97.04060527839233,0.0,0.0
제주스냅작가,0.0,47.13400827807628,0.0,0.0
제주스타그램,0.0,0.0,16.635532333438686,0.0
제주시가볼만한곳,0.0,55.451774444795625,0.0,0.0
제주실내가볼만한곳,0.0,55.451774444795625,0.0,0.0
제주실내관광지,0.0,55.451774444795625,0.0,0.0
제주아이와갈만한곳,0.0,55.451774444795625,0.0,0.0
제주애월가볼만한곳,0.0,55.451774444795625,0.0,0.0
제주여행,0.0,0.0,0.0,0.0
제주여행추천,0.0,27.725887222397812,7.6246189861593985,0.0
제주여행코스,0.0,28.419034402957756,13.16979643063896,0.0
제주여행필수코스,0.0,55.451774444795625,0.0,0.0
제주웨딩스냅,0.0,26.33959286127792,0.0,0.0
제주일상,0.0,0.0,0.0,16.635532333438686
제주카페,4.890595231680274,18.987016781817537,4.315231086776713,0.0
제주카페추천,15.249237972318797,0.0,0.0,0.0
제주카페투어,15.249237972318797,0.0,0.0,0.0
제주캠핑,24.95329850015803,0.0,0.0,0.0
제주핫플,8.317766166719343,29.112181583517703,0.0,0.0
제주핫플레이스,0.0,56.83806880591551,0.0,0.0
제품무료제공,0.0,0.0,0.0,18.021826694558577
제품제공,3.164502796969589,0.0,3.4521848694213704,4.027549014324932
제품협찬,0.0,0.0,0.0,0.0
젠틀레이스,0.0,0.0,0.0,19.408121055678468
조던1,23.56700413903814,0.0,0.0,0.0
조용한카페,22.18070977791825,0.0,0.0,0.0
조향사,15.249237972318797,0.0,0.0,0.0
존맛탱,0.0,0.0,40.20253647247683,0.0
졸귀탱,0.0,15.249237972318797,0.0,0.0
종로맛집,0.0,0.0,15.249237972318797,0.0
좋,0.0,0.0,0.0,51.29289136143595
좋반,0.0,0.0,0.0,0.0
좋반댓,18.021826694558577,0.0,11.090354888959125,0.0
좋반사,0.0,0.0,0.0,37.42994775023705
좋반테러,10.35655460826411,0.0,10.35655460826411,10.35655460826411
좋반해요,0.0,31.884770305757485,0.0,0.0
좋아요,0.0,0.0,0.0,0.0
좋아요그램,0.0,0.0,0.0,27.725887222397812
좋아요반사,0.0,0.0,0.0,0.0
좋아요테러,63.76954061151497,0.0,0.0,19.408121055678468
좋테,35.350506208557206,0.0,0.0,18.714973875118524
좋튀,0.0,22.18070977791825,0.0,0.0
주말,0.0,0.0,0.0,0.0
주문제작가구,0.0,20.79441541679836,0.0,0.0
쥐띠맘,0.0,0.0,44.3614195558365,0.0
지야콩,22.18070977791825,0.0,0.0,0.0
지원in부산,16.635532333438686,0.0,0.0,0.0
지현,0.0,0.0,31.884770305757485,0.0
직딩,59.61065752815529,0.0,0.0,0.0
직장인,80.40507294495366,0.0,0.0,0.0
집,0.0,0.0,22.18070977791825,0.0
집꾸미기,15.249237972318797,16.635532333438686,0.0,0.0
집돌이,0.0,0.0,0.0,51.29289136143595
집들이,27.725887222397812,0.0,0.0,0.0
집밥,5.178277304132055,0.0,8.918144246005205,10.06887253581233
집사,9.704060527839234,0.0,7.6246189861593985,0.0
집사그램,9.010913347279288,0.0,27.725887222397812,0.0
집사스타그램,23.56700413903814,0.0,0.0,0.0
집스타그램,0.0,9.704060527839234,0.0,9.704060527839234
집콕,0.0,0.0,0.0,19.408121055678468
집콕놀이,18.714973875118524,9.704060527839234,0.0,0.0
집콕육아,19.408121055678468,0.0,0.0,0.0
차박,0.0,12.476649250079015,8.317766166719343,0.0
차크닉,0.0,23.56700413903814,0.0,0.0
창원,27.725887222397812,0.0,0.0,0.0
창원맛집,38.816242111356935,0.0,0.0,0.0
창원카페,15.249237972318797,0.0,0.0,0.0
창의놀이,42.97512519471661,0.0,0.0,0.0
창의미술,38.816242111356935,0.0,0.0,0.0
첫줄,12.945693260330138,0.0,27.0421148104674,15.822513984847946
첫줄반사,26.179068593112056,0.0,10.35655460826411,8.630462173553425
첫줄좋반,36.04365338911715,0.0,0.0,0.0
청담,0.0,0.0,0.0,33.27106466687737
청담맛집,0.0,0.0,22.18070977791825,0.0
청양고추,18.021826694558577,0.0,0.0,0.0
청주,0.0,25.646445680717974,18.714973875118524,0.0
촬영,0.0,0.0,0.0,41.58883083359672
촬영문의,0.0,38.816242111356935,0.0,0.0
최싸,18.021826694558577,0.0,0.0,0.0
취미는,0.0,0.0,15.249237972318797,0.0
치와와,0.0,0.0,0.0,16.635532333438686
친스타그램,0.0,0.0,41.58883083359672,0.0
카페,0.0,0.0,0.0,0.0
카페그램,22.873856958478193,9.704060527839234,0.0,0.0
카페맛집,55.451774444795625,0.0,0.0,0.0
카페분위기,0.0,0.0,27.725887222397812,0.0
카페사진,3.164502796969589,3.739866941873151,10.06887253581233,0.0
카페스타그램,26.466750665563836,27.905161027822743,20.71310921652822,0.0
카페인테리어,15.247149839944385,7.1920518112945215,6.616687666390959,0.0
카페추천,24.16529408594959,27.0421148104674,13.233375332781918,0.0
카페탐방,0.0,44.3614195558365,0.0,0.0
카페투어,0.0,0.0,0.0,0.0
캐논,0.0,0.0,34.657359027997266,0.0
캐릭터도시락,0.0,0.0,0.0,33.27106466687737
캐릭터밥상,0.0,0.0,0.0,33.27106466687737
캐주얼룩,40.20253647247683,0.0,0.0,0.0
캠린이,11.78350206951907,12.476649250079015,0.0,0.0
캠퍼,38.816242111356935,0.0,0.0,0.0
캠퍼스룩,0.0,26.33959286127792,0.0,0.0
캠핑,7.767415956198083,6.0413235214873975,16.110196057299728,0.0
캠핑스타그램,0.0,19.408121055678468,0.0,0.0
캠핑식기,0.0,20.79441541679836,0.0,0.0
캠핑요리,13.16979643063896,16.635532333438686,0.0,0.0
캠핑용품,0.0,22.18070977791825,13.16979643063896,0.0
캣스타그램,10.39720770839918,0.0,27.725887222397812,0.0
커피,10.06887253581233,9.493508390908769,0.0,8.630462173553425
커피맛집,8.342780101101644,10.35655460826411,9.205826318456987,0.0
커피스타그램,21.487562597358306,21.487562597358306,0.0,0.0
케이펫페어,0.0,19.408121055678468,0.0,0.0
코디,0.0,9.010913347279288,0.0,26.33959286127792
코디스타그램,0.0,0.0,0.0,52.67918572255584
코로나,0.0,0.0,0.0,19.408121055678468
쿠킹,0.0,0.0,40.20253647247683,0.0
쿡스타그램,0.0,15.942385152878742,20.101268236238415,0.0
클라랑스,0.0,59.61065752815529,0.0,0.0
클린식단,0.0,0.0,27.725887222397812,0.0
키즈모델,0.0,0.0,0.0,18.021826694558577
키즈스타일,0.0,0.0,0.0,52.67918572255584
키즈코디,0.0,0.0,0.0,52.67918572255584
키즈패셔니스타,0.0,0.0,0.0,52.67918572255584
키즈패션,0.0,0.0,0.0,87.3365447505531
키치룩,0.0,0.0,15.249237972318797,0.0
타투,0.0,24.95329850015803,0.0,0.0
태권브이와함께,0.0,0.0,0.0,55.451774444795625
트레일러닝,0.0,0.0,0.0,19.408121055678468
티오리오,0.0,0.0,0.0,38.816242111356935
티푸드,16.635532333438686,0.0,0.0,0.0
파리스냅,0.0,19.408121055678468,0.0,0.0
파스타,0.0,0.0,15.249237972318797,0.0
파스텔로슬라임,0.0,0.0,22.18070977791825,0.0
파파,0.0,0.0,54.06548008367573,0.0
파파스타그램,0.0,0.0,54.06548008367573,0.0
팔로,0.0,0.0,0.0,99.81319400063212
팔로미,10.39720770839918,0.0,0.0,15.942385152878742
팔로우,0.0,0.0,0.0,0.0
팔로우환영,0.0,29.112181583517703,0.0,0.0
팔로워,0.0,0.0,38.816242111356935,0.0
패밀리전동차,0.0,0.0,30.498475944637594,0.0
패브릭소파,0.0,15.249237972318797,0.0,0.0
패브릭쇼파,0.0,15.249237972318797,0.0,0.0
패셔니스타,0.0,0.0,0.0,55.451774444795625
패셔니스타그램,0.0,0.0,0.0,52.67918572255584
패션,12.082647042974795,5.753641449035617,0.0,21.863837506335344
패션그램,0.0,0.0,0.0,52.67918572255584
패션사진,0.0,15.249237972318797,0.0,0.0
패션스타,0.0,0.0,0.0,52.67918572255584
패션스타그램,40.20253647247683,0.0,0.0,0.0
패션스타일,0.0,9.010913347279288,0.0,26.33959286127792
패션피플,37.42994775023705,0.0,0.0,0.0
패피,0.0,0.0,7.6246189861593985,26.33959286127792
페르시안친칠라,0.0,0.0,70.70101241711441,0.0
펫스타그램,0.0,0.0,27.725887222397812,17.328679513998633
펫테리어,29.112181583517703,0.0,0.0,0.0
펫팸족,0.0,0.0,0.0,18.021826694558577
포레시리즈,0.0,18.021826694558577,0.0,0.0
포메,0.0,0.0,0.0,26.33959286127792
포시즌스,0.0,19.408121055678468,0.0,0.0
푸드스타그램,0.0,0.0,47.13400827807628,12.476649250079015
푸드스타일링,0.0,0.0,0.0,41.58883083359672
푸드파이터,49.90659700031606,0.0,0.0,0.0
푸들,0.0,0.0,0.0,27.725887222397812
풍경사진,0.0,0.0,40.20253647247683,0.0
프로틴,0.0,22.18070977791825,0.0,0.0
프로틴귀리빵,0.0,52.67918572255584,0.0,0.0
프로틴바,26.33959286127792,0.0,0.0,0.0
프로틴빵,0.0,54.06548008367573,0.0,0.0
프루너스,0.0,20.79441541679836,0.0,0.0
플레이팅,0.0,6.904369738842741,8.342780101101644,4.315231086776713
피크닉,0.0,36.04365338911715,0.0,0.0
피트니스모델,19.408121055678468,0.0,0.0,0.0
필라테스,0.0,14.556090791758852,0.0,13.16979643063896
필라테스강사,0.0,15.249237972318797,0.0,0.0
필름사진,0.0,0.0,42.97512519471661,0.0
필름카메라,0.0,0.0,42.97512519471661,0.0
하늘,0.0,0.0,22.18070977791825,0.0
하우스앱,26.33959286127792,0.0,0.0,0.0
하이랜드폴드,0.0,0.0,36.04365338911715,0.0
하트너,0.0,62.383246250395075,0.0,0.0
하트너이벤트,0.0,16.635532333438686,0.0,0.0
학생,34.657359027997266,0.0,0.0,0.0
한남동,41.58883083359672,0.0,0.0,0.0
한남동카페,0.0,18.021826694558577,0.0,0.0
합정,0.0,0.0,0.0,37.42994775023705
핫플,33.27106466687737,0.0,27.032740041837865,0.0
핫플카페,13.16979643063896,0.0,7.6246189861593985,0.0
핫플투어,0.0,0.0,0.0,37.42994775023705
해운대,29.112181583517703,0.0,0.0,31.884770305757485
해원,0.0,0.0,45.747713916956386,0.0
햇살맛집,17.328679513998633,0.0,22.18070977791825,0.0
햇살카페,31.884770305757485,0.0,0.0,0.0
행복,0.0,0.0,0.0,23.56700413903814
향수,15.249237972318797,0.0,0.0,0.0
헬린이,9.010913347279288,0.0,15.249237972318797,0.0
헬스,10.39720770839918,0.0,0.0,7.6246189861593985
헬스타그램,13.16979643063896,0.0,0.0,33.27106466687737
현존하는최고의고양이모래,0.0,22.18070977791825,0.0,0.0
협재,40.20253647247683,0.0,0.0,0.0
협찬,0.0,0.0,0.0,0.0
협찬디엠,15.249237972318797,0.0,0.0,0.0
호텔블로거,0.0,15.249237972318797,0.0,0.0
혼밥,0.0,26.33959286127792,0.0,0.0
혼술,0.0,45.747713916956386,0.0,0.0
혼여,0.0,23.56700413903814,0.0,0.0
혼자여행,0.0,26.33959286127792,0.0,0.0
혼커,0.0,31.884770305757485,0.0,0.0
홈,0.0,0.0,41.58883083359672,0.0
홈까페,0.0,15.249237972318797,0.0,0.0
홈데코,0.0,18.714973875118524,20.101268236238415,0.0
홈메이드,0.0,0.0,21.487562597358306,16.635532333438686
홈문센,20.79441541679836,9.704060527839234,0.0,0.0
홈미술,29.112181583517703,0.0,0.0,0.0
홈베이킹,27.725887222397812,32.57791748631743,0.0,0.0
홈스윗홈,13.862943611198906,0.0,20.101268236238415,0.0
홈스쿨,40.20253647247683,0.0,0.0,0.0
홈스쿨링,42.97512519471661,0.0,0.0,0.0
홈스타그램,0.0,11.78350206951907,20.101268236238415,0.0
홈스타일링,0.0,31.884770305757485,20.101268236238415,0.0
홈인테리어,0.0,15.249237972318797,0.0,0.0
홈짐,0.0,0.0,0.0,16.635532333438686
홈카페,30.78198175234055,26.466750665563836,9.781190463360549,0.0
홈카페그램,45.747713916956386,0.0,0.0,0.0
홈카페놀이,29.112181583517703,11.090354888959125,0.0,0.0
홈카페인테리어,0.0,26.33959286127792,0.0,0.0
홈쿠킹,0.0,8.317766166719343,19.408121055678468,0.0
홈쿡,5.178277304132055,8.055098028649864,14.096421550137261,0.0
홈테이블,0.0,16.635532333438686,0.0,0.0
홈트,0.0,0.0,9.704060527839234,18.714973875118524
홈트기구,0.0,0.0,0.0,18.021826694558577
홈트레이닝,0.0,0.0,0.0,33.27106466687737
홈트스타그램,0.0,0.0,0.0,19.408121055678468
홈파티,0.0,29.112181583517703,0.0,0.0
홍대,20.79441541679836,0.0,0.0,20.101268236238415
홍대맛집,0.0,0.0,15.249237972318797,0.0
환경만화,15.249237972318797,0.0,0.0,0.0
환영,27.725887222397812,0.0,0.0,0.0
황금돼지띠아기,0.0,0.0,0.0,37.42994775023705
황리단길카페,20.79441541679836,0.0,0.0,0.0
훈남,0.0,0.0,0.0,52.67918572255584
훈남스타그램,0.0,0.0,0.0,33.27106466687737
훈남훈녀,0.0,0.0,0.0,33.27106466687737
훈녀,0.0,0.0,81.79136730607354,0.0
훈스타그램,38.816242111356935,0.0,0.0,0.0
휴무스타그램,0.0,38.816242111356935,0.0,0.0
휴양지룩,0.0,18.021826694558577,0.0,0.0
흔녀,0.0,0.0,36.04365338911715,0.0
힐링,0.0,3.739866941873151,3.739866941873151,3.4521848694213704
힐링여행,0.0,0.0,16.635532333438686,0.0
